N, M, D, H, K_cutoff, alpha
784,372,1.520593620757152e-180,0.0001,62.83185307179586,100.0
