N, M, D, H, K_cutoff, alpha
1024,1828,8.70452510065504e-215,0.0001,138.23007675795088,100.0
